<?xml version="1.0" encoding="UTF-8"?>
<con:soapui-project id="61868c33-ea31-4937-a492-40a39a4fde15" activeEnvironment="Default" name="animalshop" resourceRoot="${projectDir}" soapui-version="5.5.0" abortOnError="false" runType="SEQUENTIAL" xmlns:con="http://eviware.com/soapui/config"><con:settings/><con:interface xsi:type="con:RestService" id="295931cc-b857-45a3-83d1-4636b7096172" wadlVersion="http://wadl.dev.java.net/2009/02" name="https://animalshopapi.selfmade.site" type="rest" xmlns:xsi="http://www.w3.org/2001/XMLSchema-instance"><con:settings/><con:definitionCache type="TEXT" rootPart=""/><con:endpoints><con:endpoint>https://animalshopapi.selfmade.site</con:endpoint></con:endpoints><con:resource name="Signup" path="/signup" id="0dda3ae3-ac50-4f89-bad5-9ca4679080d6"><con:settings/><con:parameters/><con:method name="Signup 1" id="7a4f73c3-8b3e-4036-a4e1-36dba9c2d5ee" method="POST"><con:settings/><con:parameters/><con:request name="signup" id="59eb0cb3-ee56-4c65-9708-7e41b9fc9f19" mediaType="application/json"><con:settings/><con:endpoint>https://animalshopapi.selfmade.site</con:endpoint><con:request>{"username": "testuser",
"email": "testuser@animalshop.sk",
"password": "12345678",
"roles": ["user"]}</con:request><con:parameters/></con:request></con:method></con:resource><con:resource name="signin" path="/signin" id="e398bbdf-cbde-4694-9ca4-c6af4317f186"><con:settings/><con:parameters/><con:method name="Method 1" id="9ce972bd-74e7-4e0b-93a9-477191c7e99a" method="POST"><con:settings/><con:parameters/><con:representation type="RESPONSE"><con:mediaType>application/json</con:mediaType><con:status>200</con:status><con:params/><con:element xmlns:sig="https://animalshopapi.selfmade.site/signin">sig:Response</con:element></con:representation><con:representation type="REQUEST"><con:mediaType>application/json</con:mediaType><con:params/></con:representation><con:request name="Request 1" id="cccb0fc5-c6f3-4dce-b1a4-c0c216bddc9d" mediaType="application/json" postQueryString="false"><con:settings><con:setting id="com.eviware.soapui.impl.wsdl.WsdlRequest@request-headers">&lt;xml-fragment/></con:setting></con:settings><con:endpoint>https://animalshopapi.selfmade.site</con:endpoint><con:request>{
	"username": "testovaci",
	"password": "123456789"
}</con:request><con:originalUri>https://animalshopapi.selfmade.site/signin</con:originalUri><con:credentials><con:authType>No Authorization</con:authType></con:credentials><con:jmsConfig JMSDeliveryMode="PERSISTENT"/><con:jmsPropertyConfig/><con:parameters/></con:request></con:method></con:resource><con:resource name="products" path="/products/48701cc2-e8c2-49e0-baa8-07c748cb254b" id="ea4fcb75-f54d-407c-9ef8-9af55eff8c9c"><con:settings/><con:parameters/><con:method name="getAllProducts" id="0aca8663-e7b8-4f1c-9a17-a63a98269b2a" method="GET"><con:settings/><con:parameters/><con:representation type="RESPONSE"><con:mediaType>application/json</con:mediaType><con:status>200</con:status><con:params/><con:element>Response</con:element></con:representation><con:request name="all" id="a688f575-5176-4d65-9bf7-32a6872f4023" mediaType="application/json"><con:settings><con:setting id="com.eviware.soapui.impl.wsdl.WsdlRequest@request-headers">&lt;xml-fragment/></con:setting></con:settings><con:endpoint>https://animalshopapi.selfmade.site</con:endpoint><con:request/><con:originalUri>https://animalshopapi.selfmade.site/products</con:originalUri><con:credentials><con:authType>No Authorization</con:authType></con:credentials><con:jmsConfig JMSDeliveryMode="PERSISTENT"/><con:jmsPropertyConfig/><con:parameters/></con:request></con:method><con:method name="getProductById" id="07af9ee3-8f0f-4285-8feb-b6127d23b834" method="GET"><con:settings/><con:parameters/><con:representation type="FAULT"><con:mediaType>application/json</con:mediaType><con:status>401</con:status><con:params/><con:element xmlns:cc2="https://animalshopapi.selfmade.site/products/48701cc2-e8c2-49e0-baa8-07c748cb254b">cc2:Fault</con:element></con:representation><con:request name="Request 1" id="ae192f12-3c77-4061-87f0-5530cb789888" mediaType="application/json"><con:settings><con:setting id="com.eviware.soapui.impl.wsdl.WsdlRequest@request-headers">&lt;xml-fragment/></con:setting></con:settings><con:endpoint>https://animalshopapi.selfmade.site</con:endpoint><con:request/><con:originalUri>https://animalshopapi.selfmade.site/products/48701cc2-e8c2-49e0-baa8-07c748cb254b</con:originalUri><con:credentials><con:authType>No Authorization</con:authType></con:credentials><con:jmsConfig JMSDeliveryMode="PERSISTENT"/><con:jmsPropertyConfig/><con:parameters/></con:request></con:method></con:resource><con:resource name="ordrers" path="/ordrers" id="0e7c709e-97be-4509-ba2d-89b4b050050c"><con:settings/><con:parameters/><con:method name="Method 1" id="4dbff92b-b0dc-429a-b739-9611de88e261" method="GET"><con:settings/><con:parameters/><con:representation type="FAULT"><con:mediaType>application/json</con:mediaType><con:status>401</con:status><con:params/><con:element xmlns:ord="https://animalshopapi.selfmade.site/ordrers">ord:Fault</con:element></con:representation><con:request name="Request 1" id="fea169b3-51d2-4e09-a133-bb3f4d7d291c" mediaType="application/json"><con:settings><con:setting id="com.eviware.soapui.impl.wsdl.WsdlRequest@request-headers">&lt;xml-fragment/></con:setting></con:settings><con:endpoint>https://animalshopapi.selfmade.site</con:endpoint><con:request/><con:originalUri>https://animalshopapi.selfmade.site/ordrers</con:originalUri><con:credentials><con:authType>No Authorization</con:authType></con:credentials><con:jmsConfig JMSDeliveryMode="PERSISTENT"/><con:jmsPropertyConfig/><con:parameters/></con:request></con:method></con:resource><con:resource name="categories" path="/categories" id="4c23105d-c685-4fc2-ab8d-2a0b2886cfd4"><con:settings/><con:parameters/><con:method name="Method 1" id="856e4086-e84d-4c41-8cbc-596690440dc2" method="GET"><con:settings/><con:parameters/><con:representation type="RESPONSE"><con:mediaType>application/json</con:mediaType><con:status>200</con:status><con:params/><con:element>Response</con:element></con:representation><con:request name="Request 1" id="a9670064-88ea-4570-b5da-f7e35a2ad7f8" mediaType="application/json"><con:settings><con:setting id="com.eviware.soapui.impl.wsdl.WsdlRequest@request-headers">&lt;xml-fragment/></con:setting></con:settings><con:endpoint>https://animalshopapi.selfmade.site</con:endpoint><con:request/><con:originalUri>https://animalshopapi.selfmade.site/categories</con:originalUri><con:credentials><con:authType>No Authorization</con:authType></con:credentials><con:jmsConfig JMSDeliveryMode="PERSISTENT"/><con:jmsPropertyConfig/><con:parameters/></con:request></con:method></con:resource></con:interface><con:properties/><con:wssContainer/><con:oAuth2ProfileContainer/><con:oAuth1ProfileContainer/><con:sensitiveInformation/></con:soapui-project>